Ref,Val,Package,PosX,PosY,Rot,Side
"C7","4u7","C_0805_2012Metric",137.990000,-87.180000,-90.000000,bottom
"C8","4u7","C_0805_2012Metric",131.690000,-83.180000,90.000000,bottom
"C9","4u7","C_0805_2012Metric",140.040000,-87.200000,90.000000,bottom
"C11","4u7","C_0805_2012Metric",153.650000,-70.800000,-90.000000,bottom
"C12","4u7","C_0805_2012Metric",135.920000,-87.160000,90.000000,bottom
"C13","4u7","C_0805_2012Metric",151.380000,-72.450000,90.000000,bottom
"C14","0.47u","C_0402_1005Metric",149.980000,-88.140000,90.000000,bottom
"C16","0.47u","C_0402_1005Metric",133.140000,-90.710000,180.000000,bottom
"C19","0.47u","C_0402_1005Metric",149.830000,-72.030000,90.000000,bottom
"C20","0.47u","C_0402_1005Metric",131.500000,-86.850000,90.000000,bottom
"C21","0.47u","C_0402_1005Metric",140.350000,-98.180000,-90.000000,bottom
"C22","0.47u","C_0402_1005Metric",152.060000,-85.070000,0.000000,bottom
"C25","4u7","C_0805_2012Metric",129.500000,-87.700000,-90.000000,bottom
"C26","4u7","C_0805_2012Metric",146.990000,-80.010000,90.000000,bottom
"C27","4u7","C_0805_2012Metric",127.360000,-85.090000,90.000000,bottom
"C28","4u7","C_0805_2012Metric",145.350000,-72.840000,90.000000,bottom
"C29","0.47u","C_0402_1005Metric",147.950000,-83.300000,-90.000000,bottom
"C30","0.47u","C_0402_1005Metric",145.060000,-83.270000,-90.000000,bottom
"C31","0.47u","C_0402_1005Metric",142.820000,-83.300000,-90.000000,bottom
"C32","0.47u","C_0402_1005Metric",139.010000,-83.250000,-90.000000,bottom
"C34","100u","C_1206_3216Metric",122.880000,-82.670000,-90.000000,bottom
"C35","4u7","C_0805_2012Metric",142.770000,-76.670000,90.000000,bottom
"C36","4u7","C_0805_2012Metric",140.720000,-76.650000,90.000000,bottom
"C37","4u7","C_0805_2012Metric",138.630000,-76.640000,90.000000,bottom
"C38","4u7","C_0805_2012Metric",136.480000,-76.630000,90.000000,bottom
"C39","4u7","C_0805_2012Metric",134.380000,-76.610000,-90.000000,bottom
"C40","0.47u","C_0402_1005Metric",139.720000,-80.270000,90.000000,bottom
"C41","0.47u","C_0402_1005Metric",141.960000,-81.290000,90.000000,bottom
"C42","0.47u","C_0402_1005Metric",143.980000,-81.250000,90.000000,bottom
"C43","0.47u","C_0402_1005Metric",144.890000,-79.170000,-90.000000,bottom
"J2","Conn_02x20_Odd_Even","SAMTEC_TFM-120-02-S-D-A",166.040000,-84.802500,90.000000,bottom
"J3","Conn_02x20_Odd_Even","SAMTEC_TFM-120-02-S-D-A",140.427500,-64.190000,0.000000,bottom
"J4","Conn_02x20_Odd_Even","SAMTEC_TFM-120-02-S-D-A",140.427500,-105.990000,180.000000,bottom
"R7","4k7","R_0402_1005Metric",136.700000,-79.400000,-90.000000,bottom
"R9","4k7","R_0402_1005Metric",135.930000,-82.900000,90.000000,bottom
"R10","4k7","R_0402_1005Metric",141.050000,-83.310000,-90.000000,bottom
"R15","4k7","R_0402_1005Metric",136.680000,-98.200000,-90.000000,bottom
"R16","4k7","R_0402_1005Metric",139.190000,-98.210000,-90.000000,bottom
"R17","4k7","R_0402_1005Metric",137.940000,-98.200000,90.000000,bottom
"C1","4u7","C_0805_2012Metric",117.101500,-76.984000,180.000000,top
"C2","10u","C_0805_2012Metric",117.101500,-70.984000,0.000000,top
"C3","4u7","C_0805_2012Metric",117.219000,-92.694000,180.000000,top
"C4","10u","C_0805_2012Metric",117.119000,-86.894000,0.000000,top
"C5","4u7","C_0805_2012Metric",117.144000,-84.769000,180.000000,top
"C6","10u","C_0805_2012Metric",117.094000,-79.069000,0.000000,top
"C10","4u7","C_0805_2012Metric",125.700000,-72.800000,-90.000000,top
"C15","0.47u","C_0402_1005Metric",159.900000,-88.520000,90.000000,top
"C17","0.47u","C_0402_1005Metric",134.450000,-97.610000,90.000000,top
"C18","0.47u","C_0402_1005Metric",156.590000,-82.950000,180.000000,top
"C23","47u","C_1206_3216Metric",123.001500,-72.684000,-90.000000,top
"C24","47u","C_1206_3216Metric",123.006500,-88.944000,-90.000000,top
"C33","100u","C_1206_3216Metric",122.881500,-81.419000,-90.000000,top
"C44","0.47u","C_0402_1005Metric",120.864000,-73.484000,90.000000,top
"C45","0.47u","C_0402_1005Metric",120.919000,-89.694000,-90.000000,top
"C46","0.47u","C_0402_1005Metric",120.944000,-82.419000,-90.000000,top
"D1","DONE","LED_0603_1608Metric",156.650000,-79.170000,180.000000,top
"D2","VCC","LED_0603_1608Metric",113.000000,-97.800000,0.000000,top
"D3","USER_LED","LED_0603_1608Metric",160.770000,-97.860000,0.000000,top
"D4","USER_LED","LED_0603_1608Metric",160.780000,-100.750000,0.000000,top
"D5","USER_LED","LED_0603_1608Metric",160.770000,-94.730000,0.000000,top
"J1","Conn_01x02_Pin","PinHeader_1x02_P2.54mm_Vertical",127.200000,-93.675000,180.000000,top
"L1","2u2","IND_LQH3NPN2R2MJRL",113.101500,-73.984000,90.000000,top
"L2","2u2","IND_LQH3NPN2R2MJRL",113.219000,-89.794000,90.000000,top
"L3","2u2","IND_LQH3NPN2R2MJRL",113.094000,-81.919000,90.000000,top
"R1","100k","R_0402_1005Metric",119.839000,-71.534000,-90.000000,top
"R2","22k","R_0402_1005Metric",119.839000,-73.474000,90.000000,top
"R3","120k","R_0402_1005Metric",119.919000,-89.694000,-90.000000,top
"R4","240k","R_0402_1005Metric",119.919000,-87.694000,-90.000000,top
"R5","22k","R_0402_1005Metric",119.794000,-80.419000,-90.000000,top
"R6","33k","R_0402_1005Metric",119.794000,-82.419000,-90.000000,top
"R8","4k7","R_0402_1005Metric",126.900000,-88.625000,0.000000,top
"R11","330","R_0402_1005Metric",156.590000,-81.800000,0.000000,top
"R12","10k","R_0402_1005Metric",160.790000,-99.340000,0.000000,top
"R13","10k","R_0402_1005Metric",112.987500,-99.200000,180.000000,top
"R14","10k","R_0402_1005Metric",160.870000,-102.200000,0.000000,top
"R18","100","R_0402_1005Metric",156.600000,-80.650000,180.000000,top
"R19","10k","R_0402_1005Metric",160.730000,-96.210000,0.000000,top
"U1","XC7A35T-FGG484","FB-BGA-484_23.0x23.0mm_Layout22x22_P1.0mm",141.930000,-82.600000,-90.000000,top
"U2","TLV62565DBVR","SOT-23-5",117.101500,-73.984000,0.000000,top
"U3","TLV62565DBVR","SOT-23-5",117.219000,-89.794000,0.000000,top
"U4","TLV62565DBVR","SOT-23-5",117.094000,-81.919000,0.000000,top
"U5","MX25L12833F","WSON-8-1EP_6x5mm_P1.27mm_EP3.4x4mm",138.015000,-98.702500,90.000000,top
"X1","SG-8018CE","Crystal_SMD_3225-4Pin_3.2x2.5mm",157.400000,-89.200000,90.000000,top
